YEAR,MONTH,MonthlyMaximumTemperature,Anomaly,,,Month,Long Term Average
1893,1,59.5,-4.09516129,,,1,63.59516129
1895,1,60.7,-2.89516129,,,2,66.65564516
1896,1,58.7,-4.89516129,,,3,73.05322581
1897,1,58.7,-4.89516129,,,4,79.34715447
1898,1,65.3,1.70483871,,,5,85.60403226
1899,1,60.6,-2.99516129,,,6,85.60403226
1900,1,58.7,-4.89516129,,,7,91.65409836
1901,1,62.9,-0.69516129,,,8,91.64634146
1902,1,61.6,-1.99516129,,,9,88.23252033
1903,1,59.8,-3.79516129,,,10,81.04754098
1904,1,61.6,-1.99516129,,,11,71.7175
1905,1,60.4,-3.19516129,,,12,65.38655462
1906,1,62.1,-1.49516129,,,,
1907,1,71.5,7.90483871,,,,
1908,1,63.4,-0.19516129,,,,
1909,1,66.7,3.10483871,,,,
1910,1,69,5.40483871,,,,
1911,1,73,9.40483871,,,,
1912,1,62.1,-1.49516129,,,,
1913,1,71.4,7.80483871,,,,
1914,1,68.5,4.90483871,,,,
1915,1,62.7,-0.89516129,,,,
1916,1,70.8,7.20483871,,,,
1917,1,68.4,4.80483871,,,,
1918,1,59.5,-4.09516129,,,,
1919,1,59.9,-3.69516129,,,,
1920,1,64.6,1.00483871,,,,
1921,1,68.6,5.00483871,,,,
1922,1,64.1,0.50483871,,,,
1923,1,70.8,7.20483871,,,,
1924,1,60.3,-3.29516129,,,,
1925,1,64.8,1.20483871,,,,
1927,1,,-63.59516129,,,,
1928,1,62.8,-0.79516129,,,,
1929,1,68.5,4.90483871,,,,
1930,1,64.3,0.70483871,,,,
1931,1,62,-1.59516129,,,,
1932,1,70.4,6.80483871,,,,
1933,1,69.1,5.50483871,,,,
1934,1,66.7,3.10483871,,,,
1935,1,68.2,4.60483871,,,,
1936,1,62.8,-0.79516129,,,,
1937,1,74.2,10.60483871,,,,
1938,1,66.2,2.60483871,,,,
1939,1,69.8,6.20483871,,,,
1940,1,54.4,-9.19516129,,,,
1941,1,67,3.40483871,,,,
1942,1,64.7,1.10483871,,,,
1943,1,,-63.59516129,,,,
1944,1,62,-1.59516129,,,,
1946,1,63.2,-0.39516129,,,,
1947,1,,-63.59516129,,,,
1948,1,58.4,-5.19516129,,,,
1949,1,69.6,6.00483871,,,,
1950,1,76.8,13.20483871,,,,
1951,1,68.4,4.80483871,,,,
1952,1,74.2,10.60483871,,,,
1953,1,69.6,6.00483871,,,,
1954,1,67.9,4.30483871,,,,
1955,1,65.2,1.60483871,,,,
1956,1,62.2,-1.39516129,,,,
1957,1,69.6,6.00483871,,,,
1958,1,57.5,-6.09516129,,,,
1959,1,63.2,-0.39516129,,,,
1960,1,62.7,-0.89516129,,,,
1961,1,57.8,-5.79516129,,,,
1962,1,62.1,-1.49516129,,,,
1963,1,58.8,-4.79516129,,,,
1964,1,59.6,-3.99516129,,,,
1965,1,64.9,1.30483871,,,,
1966,1,56,-7.59516129,,,,
1967,1,60.1,-3.49516129,,,,
1968,1,59.7,-3.89516129,,,,
1969,1,63.8,0.20483871,,,,
1970,1,55,-8.59516129,,,,
1971,1,64.4,0.80483871,,,,
1972,1,67.8,4.20483871,,,,
1973,1,58.6,-4.99516129,,,,
1974,1,70,6.40483871,,,,
1975,1,67,3.40483871,,,,
1976,1,61.7,-1.89516129,,,,
1977,1,53.2,-10.39516129,,,,
1978,1,54.3,-9.29516129,,,,
1979,1,55.5,-8.09516129,,,,
1980,1,66.1,2.50483871,,,,
1981,1,60,-3.59516129,,,,
1982,1,66.8,3.20483871,,,,
1983,1,61.9,-1.69516129,,,,
1984,1,57.9,-5.69516129,,,,
1985,1,57.1,-6.49516129,,,,
1986,1,62.7,-0.89516129,,,,
1987,1,60.6,-2.99516129,,,,
1988,1,58.9,-4.69516129,,,,
1989,1,70.6,7.00483871,,,,
1990,1,68,4.40483871,,,,
1991,1,61.2,-2.39516129,,,,
1992,1,59.9,-3.69516129,,,,
1993,1,65.6,2.00483871,,,,
1994,1,59.9,-3.69516129,,,,
1995,1,62.9,-0.69516129,,,,
1996,1,64.8,1.20483871,,,,
1997,1,62.4,-1.19516129,,,,
1998,1,65.6,2.00483871,,,,
1999,1,68.9,5.30483871,,,,
2000,1,67,3.40483871,,,,
2001,1,61.3,-2.29516129,,,,
2002,1,64.2,0.60483871,,,,
2003,1,59.3,-4.29516129,,,,
2004,1,63.1,-0.49516129,,,,
2005,1,66.2,2.60483871,,,,
2006,1,68.5,4.90483871,,,,
2007,1,61,-2.59516129,,,,
2008,1,61.6,-1.99516129,,,,
2009,1,64.6,1.00483871,,,,
2010,1,57.8,-5.79516129,,,,
2011,1,59.2,-4.39516129,,,,
2013,1,64.6,1.00483871,,,,
2014,1,58.2,-5.39516129,,,,
2015,1,61.4,-2.19516129,,,,
2017,1,,-63.59516129,,,,
2018,1,58.7,-4.89516129,,,,
2019,1,63.9,0.30483871,,,,
2020,1,66,2.40483871,,,,
2021,1,63.4,-0.19516129,,,,
2022,1,61.4,-2.19516129,,,,
2023,1,69,5.40483871,,,,
2024,1,62,-1.59516129,,,,
2025,1,59,-4.59516129,,,,
1893,2,70.4,3.744354839,,,,
1894,2,62.1,-4.555645161,,,,
1895,2,53.1,-13.55564516,,,,
1896,2,64.7,-1.955645161,,,,
1897,2,65.9,-0.755645161,,,,
1898,2,63.7,-2.955645161,,,,
1899,2,57.6,-9.055645161,,,,
1900,2,60.7,-5.955645161,,,,
1901,2,59.7,-6.955645161,,,,
1902,2,58.6,-8.055645161,,,,
1903,2,67.5,0.844354839,,,,
1904,2,68.8,2.144354839,,,,
1905,2,61.7,-4.955645161,,,,
1906,2,60.9,-5.755645161,,,,
1907,2,68.5,1.844354839,,,,
1908,2,65.4,-1.255645161,,,,
1909,2,68,1.344354839,,,,
1910,2,66.3,-0.355645161,,,,
1911,2,75.2,8.544354839,,,,
1912,2,63.9,-2.755645161,,,,
1913,2,65.9,-0.755645161,,,,
1914,2,67,0.344354839,,,,
1915,2,66.3,-0.355645161,,,,
1916,2,67.4,0.744354839,,,,
1917,2,70.4,3.744354839,,,,
1918,2,72,5.344354839,,,,
1919,2,65.1,-1.555645161,,,,
1920,2,64.8,-1.855645161,,,,
1921,2,69.5,2.844354839,,,,
1922,2,71.1,4.444354839,,,,
1923,2,67.8,1.144354839,,,,
1924,2,,-66.65564516,,,,
1925,2,71.8,5.144354839,,,,
1927,2,74.8,8.144354839,,,,
1928,2,,-66.65564516,,,,
1929,2,66,-0.655645161,,,,
1930,2,72.8,6.144354839,,,,
1931,2,69.4,2.744354839,,,,
1932,2,76.7,10.04435484,,,,
1933,2,68.3,1.644354839,,,,
1934,2,67.9,1.244354839,,,,
1935,2,70.2,3.544354839,,,,
1936,2,63.1,-3.555645161,,,,
1937,2,67.4,0.744354839,,,,
1938,2,72.6,5.944354839,,,,
1939,2,71.5,4.844354839,,,,
1940,2,65.6,-1.055645161,,,,
1941,2,65.4,-1.255645161,,,,
1942,2,63.6,-3.055645161,,,,
1943,2,,-66.65564516,,,,
1944,2,71.1,4.444354839,,,,
1946,2,68.7,2.044354839,,,,
1948,2,67.5,0.844354839,,,,
1949,2,70.5,3.844354839,,,,
1950,2,75,8.344354839,,,,
1951,2,68.8,2.144354839,,,,
1952,2,69.3,2.644354839,,,,
1953,2,69.3,2.644354839,,,,
1954,2,74.4,7.744354839,,,,
1955,2,69.2,2.544354839,,,,
1956,2,70.6,3.944354839,,,,
1957,2,73.3,6.644354839,,,,
1958,2,57.6,-9.055645161,,,,
1959,2,68.2,1.544354839,,,,
1960,2,62.7,-3.955645161,,,,
1961,2,69.9,3.244354839,,,,
1962,2,73.2,6.544354839,,,,
1963,2,60,-6.655645161,,,,
1964,2,59,-7.655645161,,,,
1965,2,65.5,-1.155645161,,,,
1966,2,62.4,-4.255645161,,,,
1967,2,61.8,-4.855645161,,,,
1968,2,55.7,-10.95564516,,,,
1969,2,64.3,-2.355645161,,,,
1970,2,62.9,-3.755645161,,,,
1971,2,65.2,-1.455645161,,,,
1972,2,66.6,-0.055645161,,,,
1973,2,60.4,-6.255645161,,,,
1974,2,67,0.344354839,,,,
1975,2,70.2,3.544354839,,,,
1976,2,71,4.344354839,,,,
1977,2,64.7,-1.955645161,,,,
1978,2,58.4,-8.255645161,,,,
1979,2,62.5,-4.155645161,,,,
1980,2,62,-4.655645161,,,,
1981,2,65.5,-1.155645161,,,,
1982,2,65.8,-0.855645161,,,,
1983,2,63.6,-3.055645161,,,,
1984,2,65.8,-0.855645161,,,,
1985,2,61.6,-5.055645161,,,,
1986,2,69.3,2.644354839,,,,
1987,2,64.7,-1.955645161,,,,
1988,2,63.8,-2.855645161,,,,
1989,2,65.7,-0.955645161,,,,
1990,2,70.3,3.644354839,,,,
1991,2,68.6,1.944354839,,,,
1992,2,68.3,1.644354839,,,,
1993,2,65.4,-1.255645161,,,,
1994,2,68.6,1.944354839,,,,
1995,2,67,0.344354839,,,,
1996,2,65.8,-0.855645161,,,,
1997,2,,-66.65564516,,,,
1998,2,65.8,-0.855645161,,,,
1999,2,71.7,5.044354839,,,,
2000,2,72.4,5.744354839,,,,
2001,2,70.7,4.044354839,,,,
2002,2,62.3,-4.355645161,,,,
2003,2,65.1,-1.555645161,,,,
2004,2,62.2,-4.455645161,,,,
2005,2,67.6,0.944354839,,,,
2006,2,66,-0.655645161,,,,
2007,2,64.5,-2.155645161,,,,
2008,2,70.6,3.944354839,,,,
2009,2,68.5,1.844354839,,,,
2010,2,56.4,-10.25564516,,,,
2011,2,66.6,-0.055645161,,,,
2012,2,67.9,1.244354839,,,,
2013,2,65.6,-1.055645161,,,,
2014,2,66.6,-0.055645161,,,,
2015,2,62.5,-4.155645161,,,,
2016,2,,-66.65564516,,,,
2018,2,77.4,10.74435484,,,,
2019,2,71.9,5.244354839,,,,
2020,2,67.8,1.144354839,,,,
2021,2,62.2,-4.455645161,,,,
2022,2,65.3,-1.355645161,,,,
2023,2,71.5,4.844354839,,,,
2024,2,69.8,3.144354839,,,,
2025,2,70.6,3.944354839,,,,
1893,3,70.6,-2.453225806,,,,
1894,3,70.8,-2.253225806,,,,
1895,3,71.3,-1.753225806,,,,
1896,3,69.8,-3.253225806,,,,
1897,3,76.5,3.446774194,,,,
1898,3,72.9,-0.153225806,,,,
1899,3,72.9,-0.153225806,,,,
1900,3,68.3,-4.753225806,,,,
1901,3,,-73.05322581,,,,
1902,3,71.3,-1.753225806,,,,
1903,3,72.9,-0.153225806,,,,
1904,3,75.3,2.246774194,,,,
1905,3,75.3,2.246774194,,,,
1906,3,68.3,-4.753225806,,,,
1907,3,79.4,6.346774194,,,,
1908,3,78.2,5.146774194,,,,
1909,3,74.1,1.046774194,,,,
1910,3,80,6.946774194,,,,
1911,3,79.6,6.546774194,,,,
1912,3,73.3,0.246774194,,,,
1913,3,73.2,0.146774194,,,,
1914,3,69.7,-3.353225806,,,,
1915,3,66.7,-6.353225806,,,,
1916,3,74.8,1.746774194,,,,
1917,3,77.4,4.346774194,,,,
1918,3,77.8,4.746774194,,,,
1919,3,73.7,0.646774194,,,,
1920,3,69.2,-3.853225806,,,,
1921,3,79.9,6.846774194,,,,
1922,3,71.9,-1.153225806,,,,
1923,3,72.5,-0.553225806,,,,
1924,3,,-73.05322581,,,,
1925,3,76.3,3.246774194,,,,
1927,3,73.2,0.146774194,,,,
1928,3,,-73.05322581,,,,
1929,3,76.6,3.546774194,,,,
1930,3,69.6,-3.453225806,,,,
1931,3,67.5,-5.553225806,,,,
1932,3,70.5,-2.553225806,,,,
1933,3,74.5,1.446774194,,,,
1934,3,72.2,-0.853225806,,,,
1935,3,77.3,4.246774194,,,,
1936,3,72.7,-0.353225806,,,,
1937,3,70.9,-2.153225806,,,,
1938,3,81.3,8.246774194,,,,
1939,3,77.4,4.346774194,,,,
1940,3,75.4,2.346774194,,,,
1941,3,70.4,-2.653225806,,,,
1942,3,73.2,0.146774194,,,,
1943,3,73.3,0.246774194,,,,
1944,3,72.2,-0.853225806,,,,
1946,3,75.3,2.246774194,,,,
1947,3,,-73.05322581,,,,
1948,3,72.6,-0.453225806,,,,
1949,3,73.6,0.546774194,,,,
1950,3,71.7,-1.353225806,,,,
1951,3,73.4,0.346774194,,,,
1952,3,72.6,-0.453225806,,,,
1953,3,78.9,5.846774194,,,,
1954,3,72.2,-0.853225806,,,,
1955,3,78,4.946774194,,,,
1956,3,72.8,-0.253225806,,,,
1957,3,71.3,-1.753225806,,,,
1958,3,69.8,-3.253225806,,,,
1959,3,69.5,-3.553225806,,,,
1960,3,67.9,-5.153225806,,,,
1961,3,76.1,3.046774194,,,,
1962,3,68,-5.053225806,,,,
1963,3,75.3,2.246774194,,,,
1964,3,70.3,-2.753225806,,,,
1965,3,67.8,-5.253225806,,,,
1966,3,68.7,-4.353225806,,,,
1967,3,73.5,0.446774194,,,,
1968,3,66.6,-6.453225806,,,,
1969,3,64,-9.053225806,,,,
1970,3,67.8,-5.253225806,,,,
1971,3,70.2,-2.853225806,,,,
1972,3,73.3,0.246774194,,,,
1973,3,,-73.05322581,,,,
1974,3,76.1,3.046774194,,,,
1975,3,71.7,-1.353225806,,,,
1976,3,74.4,1.346774194,,,,
1977,3,74.9,1.846774194,,,,
1978,3,70.6,-2.453225806,,,,
1979,3,73.1,0.046774194,,,,
1980,3,71.5,-1.553225806,,,,
1981,3,72.2,-0.853225806,,,,
1982,3,75.2,2.146774194,,,,
1983,3,69.9,-3.153225806,,,,
1984,3,71.5,-1.553225806,,,,
1985,3,74.7,1.646774194,,,,
1986,3,73.9,0.846774194,,,,
1987,3,71.1,-1.953225806,,,,
1988,3,70.8,-2.253225806,,,,
1989,3,73.5,0.446774194,,,,
1990,3,74.4,1.346774194,,,,
1991,3,73.9,0.846774194,,,,
1992,3,72.1,-0.953225806,,,,
1993,3,69.3,-3.753225806,,,,
1994,3,73.9,0.846774194,,,,
1995,3,72,-1.053225806,,,,
1996,3,69.2,-3.853225806,,,,
1997,3,76.7,3.646774194,,,,
1998,3,70,-3.053225806,,,,
1999,3,72.6,-0.453225806,,,,
2000,3,78,4.946774194,,,,
2001,3,69.6,-3.453225806,,,,
2002,3,71.4,-1.653225806,,,,
2003,3,73.3,0.246774194,,,,
2004,3,76.2,3.146774194,,,,
2005,3,71.5,-1.553225806,,,,
2006,3,75.3,2.246774194,,,,
2007,3,75.5,2.446774194,,,,
2008,3,73.4,0.346774194,,,,
2009,3,74.9,1.846774194,,,,
2010,3,68.2,-4.853225806,,,,
2011,3,75.9,2.846774194,,,,
2012,3,78.8,5.746774194,,,,
2013,3,68.8,-4.253225806,,,,
2014,3,70.3,-2.753225806,,,,
2015,3,,-73.05322581,,,,
2016,3,76.7,3.646774194,,,,
2018,3,75.2,2.146774194,,,,
2019,3,72.5,-0.553225806,,,,
2020,3,79.9,6.846774194,,,,
2021,3,74.5,1.446774194,,,,
2022,3,72,-1.053225806,,,,
2023,3,75.5,2.446774194,,,,
2024,3,72.9,-0.153225806,,,,
2025,3,75.8,2.746774194,,,,
1893,4,80.9,1.552845528,,,,
1894,4,79.8,0.452845528,,,,
1895,4,77.1,-2.247154472,,,,
1896,4,80.1,0.752845528,,,,
1897,4,75.9,-3.447154472,,,,
1898,4,73.7,-5.647154472,,,,
1899,4,74.9,-4.447154472,,,,
1900,4,76.5,-2.847154472,,,,
1901,4,74.7,-4.647154472,,,,
1902,4,76.8,-2.547154472,,,,
1903,4,79,-0.347154472,,,,
1904,4,77.6,-1.747154472,,,,
1905,4,81.1,1.752845528,,,,
1906,4,78,-1.347154472,,,,
1907,4,76.6,-2.747154472,,,,
1908,4,84,4.652845528,,,,
1909,4,78,-1.347154472,,,,
1910,4,81.1,1.752845528,,,,
1911,4,82.4,3.052845528,,,,
1912,4,81.8,2.452845528,,,,
1913,4,79.5,0.152845528,,,,
1914,4,82,2.652845528,,,,
1915,4,81.9,2.552845528,,,,
1916,4,76.6,-2.747154472,,,,
1917,4,79.1,-0.247154472,,,,
1918,4,77.8,-1.547154472,,,,
1919,4,77.4,-1.947154472,,,,
1920,4,78,-1.347154472,,,,
1921,4,77.5,-1.847154472,,,,
1922,4,81.1,1.752845528,,,,
1923,4,78.9,-0.447154472,,,,
1924,4,,-79.34715447,,,,
1925,4,84,4.652845528,,,,
1928,4,,-79.34715447,,,,
1929,4,83.5,4.152845528,,,,
1930,4,82.2,2.852845528,,,,
1931,4,76.8,-2.547154472,,,,
1932,4,81.3,1.952845528,,,,
1933,4,79.2,-0.147154472,,,,
1934,4,77.7,-1.647154472,,,,
1935,4,79.6,0.252845528,,,,
1936,4,76.2,-3.147154472,,,,
1937,4,81.7,2.352845528,,,,
1938,4,77.7,-1.647154472,,,,
1939,4,80.5,1.152845528,,,,
1940,4,79.6,0.252845528,,,,
1941,4,83.8,4.452845528,,,,
1942,4,81.2,1.852845528,,,,
1943,4,81.6,2.252845528,,,,
1946,4,82.3,2.952845528,,,,
1948,4,81.2,1.852845528,,,,
1949,4,79.1,-0.247154472,,,,
1950,4,76.3,-3.047154472,,,,
1951,4,77.9,-1.447154472,,,,
1952,4,78.8,-0.547154472,,,,
1953,4,80.2,0.852845528,,,,
1954,4,84.1,4.752845528,,,,
1955,4,83.2,3.852845528,,,,
1956,4,76.9,-2.447154472,,,,
1957,4,78.1,-1.247154472,,,,
1958,4,79.2,-0.147154472,,,,
1959,4,76.4,-2.947154472,,,,
1960,4,80.6,1.252845528,,,,
1961,4,76.8,-2.547154472,,,,
1962,4,76.6,-2.747154472,,,,
1963,4,82.6,3.252845528,,,,
1964,4,80,0.652845528,,,,
1965,4,82.9,3.552845528,,,,
1966,4,78.3,-1.047154472,,,,
1967,4,80.3,0.952845528,,,,
1968,4,77,-2.347154472,,,,
1969,4,77.6,-1.747154472,,,,
1970,4,80,0.652845528,,,,
1971,4,77.5,-1.847154472,,,,
1972,4,78.8,-0.547154472,,,,
1973,4,,-79.34715447,,,,
1974,4,77.6,-1.747154472,,,,
1975,4,76.3,-3.047154472,,,,
1976,4,80,0.652845528,,,,
1977,4,80.7,1.352845528,,,,
1978,4,80.8,1.452845528,,,,
1979,4,,-79.34715447,,,,
1980,4,75.6,-3.747154472,,,,
1981,4,83,3.652845528,,,,
1982,4,77.7,-1.647154472,,,,
1983,4,75.3,-4.047154472,,,,
1984,4,77.8,-1.547154472,,,,
1985,4,79.2,-0.147154472,,,,
1986,4,79.8,0.452845528,,,,
1987,4,79.4,0.052845528,,,,
1988,4,79.9,0.552845528,,,,
1989,4,79.7,0.352845528,,,,
1990,4,79.4,0.052845528,,,,
1991,4,80.5,1.152845528,,,,
1992,4,77.9,-1.447154472,,,,
1993,4,74.4,-4.947154472,,,,
1994,4,81.6,2.252845528,,,,
1995,4,79.5,0.152845528,,,,
1996,4,77.5,-1.847154472,,,,
1997,4,75.1,-4.247154472,,,,
1998,4,78.2,-1.147154472,,,,
1999,4,83.5,4.152845528,,,,
2000,4,80.2,0.852845528,,,,
2001,4,82.2,2.852845528,,,,
2002,4,81.9,2.552845528,,,,
2003,4,82.1,2.752845528,,,,
2004,4,78.6,-0.747154472,,,,
2005,4,79.5,0.152845528,,,,
2006,4,85,5.652845528,,,,
2007,4,78,-1.347154472,,,,
2008,4,79.5,0.152845528,,,,
2009,4,78.4,-0.947154472,,,,
2010,4,80,0.652845528,,,,
2011,4,83,3.652845528,,,,
2012,4,82.1,2.752845528,,,,
2013,4,76,-3.347154472,,,,
2014,4,79.5,0.152845528,,,,
2015,4,82.8,3.452845528,,,,
2016,4,80.4,1.052845528,,,,
2018,4,78.4,-0.947154472,,,,
2019,4,78.4,-0.947154472,,,,
2020,4,80.8,1.452845528,,,,
2021,4,76.3,-3.047154472,,,,
2022,4,78.5,-0.847154472,,,,
2023,4,78.5,-0.847154472,,,,
2024,4,79.6,0.252845528,,,,
2025,4,80.5,1.152845528,,,,
1893,5,84.8,-0.804032258,,,,
1894,5,85.4,-0.204032258,,,,
1895,5,83.4,-2.204032258,,,,
1896,5,88.4,2.795967742,,,,
1897,5,83.2,-2.404032258,,,,
1898,5,85.9,0.295967742,,,,
1899,5,88.5,2.895967742,,,,
1900,5,84.3,-1.304032258,,,,
1901,5,85.3,-0.304032258,,,,
1902,5,87.6,1.995967742,,,,
1903,5,83.2,-2.404032258,,,,
1904,5,83.7,-1.904032258,,,,
1905,5,88.4,2.795967742,,,,
1906,5,84.7,-0.904032258,,,,
1907,5,82.7,-2.904032258,,,,
1908,5,85.3,-0.304032258,,,,
1909,5,84,-1.604032258,,,,
1910,5,86.3,0.695967742,,,,
1911,5,88.6,2.995967742,,,,
1912,5,87.5,1.895967742,,,,
1913,5,86.2,0.595967742,,,,
1914,5,86.9,1.295967742,,,,
1915,5,87.5,1.895967742,,,,
1916,5,86.9,1.295967742,,,,
1917,5,82.2,-3.404032258,,,,
1918,5,88.6,2.995967742,,,,
1919,5,82.6,-3.004032258,,,,
1920,5,85.9,0.295967742,,,,
1921,5,84.1,-1.504032258,,,,
1922,5,84.1,-1.504032258,,,,
1923,5,84,-1.604032258,,,,
1924,5,83.5,-2.104032258,,,,
1925,5,85.6,-0.004032258,,,,
1927,5,85,-0.604032258,,,,
1928,5,,-85.60403226,,,,
1929,5,86.3,0.695967742,,,,
1930,5,85.9,0.295967742,,,,
1931,5,84,-1.604032258,,,,
1932,5,82.7,-2.904032258,,,,
1933,5,88.5,2.895967742,,,,
1934,5,82.5,-3.104032258,,,,
1935,5,86.2,0.595967742,,,,
1936,5,80.9,-4.704032258,,,,
1937,5,89,3.395967742,,,,
1938,5,84.9,-0.704032258,,,,
1939,5,84.8,-0.804032258,,,,
1940,5,,-85.60403226,,,,
1941,5,89.1,3.495967742,,,,
1942,5,86.2,0.595967742,,,,
1943,5,86.8,1.195967742,,,,
1946,5,84.7,-0.904032258,,,,
1947,5,83.8,-1.804032258,,,,
1948,5,86.9,1.295967742,,,,
1949,5,87.9,2.295967742,,,,
1950,5,86,0.395967742,,,,
1951,5,86.4,0.795967742,,,,
1952,5,87.1,1.495967742,,,,
1953,5,87.5,1.895967742,,,,
1954,5,82.4,-3.204032258,,,,
1955,5,88.7,3.095967742,,,,
1956,5,85.6,-0.004032258,,,,
1957,5,85.5,-0.104032258,,,,
1958,5,84.7,-0.904032258,,,,
1959,5,85.6,-0.004032258,,,,
1960,5,83.3,-2.304032258,,,,
1961,5,83.2,-2.404032258,,,,
1962,5,87.7,2.095967742,,,,
1963,5,86.2,0.595967742,,,,
1964,5,86.9,1.295967742,,,,
1965,5,85.5,-0.104032258,,,,
1966,5,81.9,-3.704032258,,,,
1967,5,80.7,-4.904032258,,,,
1968,5,83.5,-2.104032258,,,,
1969,5,83.2,-2.404032258,,,,
1970,5,82.5,-3.104032258,,,,
1971,5,82.9,-2.704032258,,,,
1972,5,83.2,-2.404032258,,,,
1973,5,79.6,-6.004032258,,,,
1974,5,84.6,-1.004032258,,,,
1975,5,85.2,-0.404032258,,,,
1976,5,81.3,-4.304032258,,,,
1977,5,87.2,1.595967742,,,,
1978,5,87.2,1.595967742,,,,
1979,5,84.1,-1.504032258,,,,
1980,5,84.8,-0.804032258,,,,
1981,5,84.2,-1.404032258,,,,
1982,5,85.1,-0.504032258,,,,
1983,5,83.6,-2.004032258,,,,
1984,5,83.6,-2.004032258,,,,
1985,5,84.8,-0.804032258,,,,
1986,5,86.8,1.195967742,,,,
1987,5,87.7,2.095967742,,,,
1988,5,86,0.395967742,,,,
1989,5,87.3,1.695967742,,,,
1990,5,85.7,0.095967742,,,,
1991,5,85.6,-0.004032258,,,,
1992,5,,-85.60403226,,,,
1993,5,83.4,-2.204032258,,,,
1994,5,85.7,0.095967742,,,,
1995,5,87.3,1.695967742,,,,
1996,5,88.1,2.495967742,,,,
1997,5,84.5,-1.104032258,,,,
1998,5,89.9,4.295967742,,,,
1999,5,,-85.60403226,,,,
2000,5,90.7,5.095967742,,,,
2001,5,87.5,1.895967742,,,,
2002,5,87,1.395967742,,,,
2003,5,,-85.60403226,,,,
2004,5,86.1,0.495967742,,,,
2005,5,87.3,1.695967742,,,,
2006,5,88.8,3.195967742,,,,
2007,5,85.3,-0.304032258,,,,
2008,5,86.8,1.195967742,,,,
2009,5,87.3,1.695967742,,,,
2010,5,89,3.395967742,,,,
2011,5,86.5,0.895967742,,,,
2012,5,89.5,3.895967742,,,,
2013,5,81.8,-3.804032258,,,,
2014,5,85.5,-0.104032258,,,,
2015,5,87.1,1.495967742,,,,
2016,5,86.2,0.595967742,,,,
2018,5,91.2,5.595967742,,,,
2019,5,87,1.395967742,,,,
2020,5,85.5,-0.104032258,,,,
2021,5,83.3,-2.304032258,,,,
2022,5,87.9,2.295967742,,,,
2023,5,86,0.395967742,,,,
2024,5,87.6,1.995967742,,,,
2025,5,85.1,-0.504032258,,,,
1893,6,90,4.395967742,,,,
1894,6,87.9,2.295967742,,,,
1895,6,90.4,4.795967742,,,,
1896,6,89.9,4.295967742,,,,
1897,6,91.5,5.895967742,,,,
1898,6,90.6,4.995967742,,,,
1899,6,89.3,3.695967742,,,,
1900,6,88.1,2.495967742,,,,
1901,6,91.6,5.995967742,,,,
1902,6,92.6,6.995967742,,,,
1903,6,88.2,2.595967742,,,,
1904,6,90.7,5.095967742,,,,
1905,6,92.7,7.095967742,,,,
1906,6,92.7,7.095967742,,,,
1907,6,89.2,3.595967742,,,,
1908,6,90.8,5.195967742,,,,
1909,6,89.2,3.595967742,,,,
1910,6,90.5,4.895967742,,,,
1911,6,94.2,8.595967742,,,,
1912,6,87.9,2.295967742,,,,
1913,6,90.6,4.995967742,,,,
1914,6,95.1,9.495967742,,,,
1915,6,93.4,7.795967742,,,,
1916,6,89.8,4.195967742,,,,
1917,6,91.1,5.495967742,,,,
1918,6,92.9,7.295967742,,,,
1919,6,88,2.395967742,,,,
1920,6,88.5,2.895967742,,,,
1921,6,90.1,4.495967742,,,,
1922,6,89.3,3.695967742,,,,
1923,6,89.1,3.495967742,,,,
1924,6,92.3,6.695967742,,,,
1925,6,90.1,4.495967742,,,,
1927,6,,-85.60403226,,,,
1928,6,,-85.60403226,,,,
1929,6,91.1,5.495967742,,,,
1930,6,90.6,4.995967742,,,,
1931,6,91.3,5.695967742,,,,
1932,6,91.4,5.795967742,,,,
1933,6,90.6,4.995967742,,,,
1934,6,91.1,5.495967742,,,,
1935,6,90,4.395967742,,,,
1936,6,92.5,6.895967742,,,,
1937,6,92.2,6.595967742,,,,
1938,6,91.2,5.595967742,,,,
1939,6,90.6,4.995967742,,,,
1940,6,90.6,4.995967742,,,,
1941,6,91.8,6.195967742,,,,
1942,6,89.9,4.295967742,,,,
1943,6,92,6.395967742,,,,
1946,6,88.2,2.595967742,,,,
1947,6,90.2,4.595967742,,,,
1948,6,91.1,5.495967742,,,,
1949,6,91,5.395967742,,,,
1950,6,90.2,4.595967742,,,,
1951,6,91.1,5.495967742,,,,
1952,6,93.3,7.695967742,,,,
1953,6,,-85.60403226,,,,
1954,6,91.5,5.895967742,,,,
1955,6,90.4,4.795967742,,,,
1956,6,87.8,2.195967742,,,,
1957,6,89,3.395967742,,,,
1958,6,90.9,5.295967742,,,,
1959,6,88.7,3.095967742,,,,
1960,6,91.3,5.695967742,,,,
1961,6,86.3,0.695967742,,,,
1962,6,88.5,2.895967742,,,,
1963,6,88.6,2.995967742,,,,
1964,6,90.9,5.295967742,,,,
1965,6,90.2,4.595967742,,,,
1966,6,87.4,1.795967742,,,,
1967,6,87.5,1.895967742,,,,
1968,6,89.4,3.795967742,,,,
1969,6,90.3,4.695967742,,,,
1970,6,87,1.395967742,,,,
1971,6,90.1,4.495967742,,,,
1972,6,89.9,4.295967742,,,,
1973,6,88.4,2.795967742,,,,
1974,6,88,2.395967742,,,,
1975,6,88.5,2.895967742,,,,
1976,6,87.6,1.995967742,,,,
1977,6,93.9,8.295967742,,,,
1978,6,90.6,4.995967742,,,,
1979,6,90.5,4.895967742,,,,
1980,6,93.7,8.095967742,,,,
1981,6,90.8,5.195967742,,,,
1982,6,90.9,5.295967742,,,,
1983,6,86,0.395967742,,,,
1984,6,87.2,1.595967742,,,,
1985,6,88.5,2.895967742,,,,
1986,6,90.5,4.895967742,,,,
1987,6,88.9,3.295967742,,,,
1988,6,89.1,3.495967742,,,,
1989,6,89.5,3.895967742,,,,
1990,6,93.4,7.795967742,,,,
1991,6,91.1,5.495967742,,,,
1992,6,89.3,3.695967742,,,,
1993,6,90.5,4.895967742,,,,
1994,6,90.8,5.195967742,,,,
1995,6,90,4.395967742,,,,
1996,6,91.1,5.495967742,,,,
1997,6,88.6,2.995967742,,,,
1998,6,93.8,8.195967742,,,,
1999,6,90.8,5.195967742,,,,
2000,6,91.7,6.095967742,,,,
2001,6,89.5,3.895967742,,,,
2002,6,90.8,5.195967742,,,,
2003,6,90.6,4.995967742,,,,
2004,6,92,6.395967742,,,,
2005,6,92.9,7.295967742,,,,
2006,6,96.1,10.49596774,,,,
2007,6,91.7,6.095967742,,,,
2008,6,90.9,5.295967742,,,,
2009,6,93.7,8.095967742,,,,
2010,6,92.9,7.295967742,,,,
2011,6,94.9,9.295967742,,,,
2012,6,91.6,5.995967742,,,,
2013,6,91.8,6.195967742,,,,
2014,6,91.5,5.895967742,,,,
2015,6,92.1,6.495967742,,,,
2016,6,92.5,6.895967742,,,,
2018,6,93.5,7.895967742,,,,
2019,6,92.3,6.695967742,,,,
2020,6,90,4.395967742,,,,
2021,6,89.5,3.895967742,,,,
2022,6,92.6,6.995967742,,,,
2023,6,93.1,7.495967742,,,,
2024,6,91.5,5.895967742,,,,
2025,6,91.6,5.995967742,,,,
1893,7,92.3,0.645901639,,,,
1894,7,87.9,-3.754098361,,,,
1895,7,92.2,0.545901639,,,,
1896,7,91.5,-0.154098361,,,,
1897,7,91.9,0.245901639,,,,
1898,7,89.6,-2.054098361,,,,
1899,7,91.3,-0.354098361,,,,
1900,7,89.6,-2.054098361,,,,
1901,7,91.1,-0.554098361,,,,
1902,7,93,1.345901639,,,,
1903,7,90.1,-1.554098361,,,,
1904,7,90.1,-1.554098361,,,,
1905,7,90.5,-1.154098361,,,,
1906,7,90.5,-1.154098361,,,,
1907,7,92,0.345901639,,,,
1908,7,89.4,-2.254098361,,,,
1909,7,91.4,-0.254098361,,,,
1910,7,90.9,-0.754098361,,,,
1911,7,90.5,-1.154098361,,,,
1912,7,91.8,0.145901639,,,,
1913,7,91.7,0.045901639,,,,
1914,7,92,0.345901639,,,,
1915,7,93.1,1.445901639,,,,
1916,7,89,-2.654098361,,,,
1917,7,91.8,0.145901639,,,,
1918,7,91.7,0.045901639,,,,
1919,7,90.7,-0.954098361,,,,
1920,7,90.5,-1.154098361,,,,
1921,7,92.2,0.545901639,,,,
1922,7,89.9,-1.754098361,,,,
1923,7,88.7,-2.954098361,,,,
1924,7,94.1,2.445901639,,,,
1925,7,91.5,-0.154098361,,,,
1927,7,91.8,0.145901639,,,,
1928,7,,-91.65409836,,,,
1929,7,90.5,-1.154098361,,,,
1930,7,93.3,1.645901639,,,,
1931,7,93.3,1.645901639,,,,
1932,7,93.2,1.545901639,,,,
1933,7,89.7,-1.954098361,,,,
1934,7,92.2,0.545901639,,,,
1935,7,91.3,-0.354098361,,,,
1936,7,89.4,-2.254098361,,,,
1937,7,93.9,2.245901639,,,,
1938,7,,-91.65409836,,,,
1939,7,93.2,1.545901639,,,,
1940,7,93.2,1.545901639,,,,
1941,7,93.9,2.245901639,,,,
1942,7,92.3,0.645901639,,,,
1943,7,91.3,-0.354098361,,,,
1946,7,90.7,-0.954098361,,,,
1947,7,,-91.65409836,,,,
1948,7,93,1.345901639,,,,
1949,7,90.4,-1.254098361,,,,
1950,7,88.9,-2.754098361,,,,
1951,7,92.6,0.945901639,,,,
1952,7,91.7,0.045901639,,,,
1953,7,,-91.65409836,,,,
1954,7,92.2,0.545901639,,,,
1955,7,90.4,-1.254098361,,,,
1956,7,90.7,-0.954098361,,,,
1957,7,93.3,1.645901639,,,,
1958,7,91.3,-0.354098361,,,,
1959,7,90.1,-1.554098361,,,,
1960,7,94,2.345901639,,,,
1961,7,89.9,-1.754098361,,,,
1962,7,93,1.345901639,,,,
1963,7,90.2,-1.454098361,,,,
1964,7,90.7,-0.954098361,,,,
1965,7,90.8,-0.854098361,,,,
1966,7,91.7,0.045901639,,,,
1967,7,88.7,-2.954098361,,,,
1968,7,89.1,-2.554098361,,,,
1969,7,90.4,-1.254098361,,,,
1970,7,88.5,-3.154098361,,,,
1971,7,88.4,-3.254098361,,,,
1972,7,88.1,-3.554098361,,,,
1973,7,91.3,-0.354098361,,,,
1974,7,90.2,-1.454098361,,,,
1975,7,89.6,-2.054098361,,,,
1976,7,89.7,-1.954098361,,,,
1977,7,94.1,2.445901639,,,,
1978,7,90.6,-1.054098361,,,,
1979,7,91,-0.654098361,,,,
1980,7,95.1,3.445901639,,,,
1981,7,93,1.345901639,,,,
1982,7,90.7,-0.954098361,,,,
1983,7,91.5,-0.154098361,,,,
1984,7,87.2,-4.454098361,,,,
1985,7,87.9,-3.754098361,,,,
1986,7,93.4,1.745901639,,,,
1987,7,93.6,1.945901639,,,,
1988,7,91.4,-0.254098361,,,,
1989,7,91.2,-0.454098361,,,,
1990,7,91.9,0.245901639,,,,
1991,7,,-91.65409836,,,,
1992,7,92,0.345901639,,,,
1993,7,92.8,1.145901639,,,,
1994,7,91,-0.654098361,,,,
1995,7,92.9,1.245901639,,,,
1996,7,93.1,1.445901639,,,,
1997,7,92.4,0.745901639,,,,
1998,7,95.4,3.745901639,,,,
1999,7,92.1,0.445901639,,,,
2000,7,95,3.345901639,,,,
2001,7,93.1,1.445901639,,,,
2002,7,94.3,2.645901639,,,,
2003,7,91.8,0.145901639,,,,
2004,7,94,2.345901639,,,,
2005,7,94.1,2.445901639,,,,
2006,7,92.9,1.245901639,,,,
2007,7,92.5,0.845901639,,,,
2008,7,93.2,1.545901639,,,,
2009,7,94,2.345901639,,,,
2010,7,93.4,1.745901639,,,,
2011,7,,-91.65409836,,,,
2012,7,93.1,1.445901639,,,,
2013,7,89.6,-2.054098361,,,,
2014,7,93.3,1.645901639,,,,
2015,7,95.2,3.545901639,,,,
2016,7,95.4,3.745901639,,,,
2018,7,92.4,0.745901639,,,,
2019,7,91.4,-0.254098361,,,,
2020,7,91.8,0.145901639,,,,
2021,7,91.1,-0.554098361,,,,
2022,7,91.1,-0.554098361,,,,
2023,7,95,3.345901639,,,,
2024,7,93.2,1.545901639,,,,
1893,8,89.1,-2.546341463,,,,
1894,8,88.4,-3.246341463,,,,
1895,8,89.9,-1.746341463,,,,
1896,8,91.6,-0.046341463,,,,
1897,8,89.5,-2.146341463,,,,
1898,8,87.8,-3.846341463,,,,
1899,8,91.2,-0.446341463,,,,
1900,8,90.3,-1.346341463,,,,
1901,8,89,-2.646341463,,,,
1902,8,92.7,1.053658537,,,,
1903,8,91.1,-0.546341463,,,,
1904,8,89.3,-2.346341463,,,,
1905,8,90.7,-0.946341463,,,,
1906,8,90.4,-1.246341463,,,,
1907,8,91,-0.646341463,,,,
1908,8,89.8,-1.846341463,,,,
1909,8,90.8,-0.846341463,,,,
1910,8,94.2,2.553658537,,,,
1911,8,92.6,0.953658537,,,,
1912,8,92.7,1.053658537,,,,
1913,8,92.9,1.253658537,,,,
1914,8,92.5,0.853658537,,,,
1915,8,90.9,-0.746341463,,,,
1916,8,90.8,-0.846341463,,,,
1917,8,91.3,-0.346341463,,,,
1918,8,90.8,-0.846341463,,,,
1919,8,91.8,0.153658537,,,,
1920,8,89.1,-2.546341463,,,,
1921,8,92.7,1.053658537,,,,
1922,8,91.1,-0.546341463,,,,
1923,8,90.6,-1.046341463,,,,
1924,8,95.9,4.253658537,,,,
1925,8,92.3,0.653658537,,,,
1927,8,92,0.353658537,,,,
1928,8,,-91.64634146,,,,
1929,8,,-91.64634146,,,,
1930,8,91.5,-0.146341463,,,,
1931,8,89.7,-1.946341463,,,,
1932,8,90.9,-0.746341463,,,,
1933,8,91.1,-0.546341463,,,,
1934,8,91,-0.646341463,,,,
1935,8,92.5,0.853658537,,,,
1936,8,91.8,0.153658537,,,,
1937,8,92.9,1.253658537,,,,
1938,8,,-91.64634146,,,,
1939,8,92.6,0.953658537,,,,
1940,8,93,1.353658537,,,,
1941,8,95.9,4.253658537,,,,
1942,8,91.8,0.153658537,,,,
1943,8,91.6,-0.046341463,,,,
1945,8,92.8,1.153658537,,,,
1946,8,91.8,0.153658537,,,,
1948,8,90.9,-0.746341463,,,,
1949,8,92.3,0.653658537,,,,
1950,8,91.3,-0.346341463,,,,
1951,8,95.4,3.753658537,,,,
1952,8,92,0.353658537,,,,
1953,8,,-91.64634146,,,,
1954,8,93.8,2.153658537,,,,
1955,8,91.1,-0.546341463,,,,
1956,8,90.9,-0.746341463,,,,
1957,8,90.6,-1.046341463,,,,
1958,8,90.3,-1.346341463,,,,
1959,8,91.9,0.253658537,,,,
1960,8,89.4,-2.246341463,,,,
1961,8,88.2,-3.446341463,,,,
1962,8,92.3,0.653658537,,,,
1963,8,91.1,-0.546341463,,,,
1964,8,91.8,0.153658537,,,,
1965,8,88.1,-3.546341463,,,,
1966,8,88.4,-3.246341463,,,,
1967,8,87.3,-4.346341463,,,,
1968,8,89.9,-1.746341463,,,,
1969,8,89.3,-2.346341463,,,,
1970,8,88.8,-2.846341463,,,,
1971,8,88.4,-3.246341463,,,,
1972,8,90.4,-1.246341463,,,,
1973,8,88.8,-2.846341463,,,,
1974,8,90,-1.646341463,,,,
1975,8,89.7,-1.946341463,,,,
1976,8,91.2,-0.446341463,,,,
1977,8,89.8,-1.846341463,,,,
1978,8,92.1,0.453658537,,,,
1979,8,91.8,0.153658537,,,,
1980,8,95.2,3.553658537,,,,
1981,8,92.2,0.553658537,,,,
1982,8,90.4,-1.246341463,,,,
1983,8,90.6,-1.046341463,,,,
1984,8,85.3,-6.346341463,,,,
1985,8,88.9,-2.746341463,,,,
1986,8,91.4,-0.246341463,,,,
1987,8,92.6,0.953658537,,,,
1988,8,91,-0.646341463,,,,
1989,8,92.7,1.053658537,,,,
1990,8,94.9,3.253658537,,,,
1991,8,93.2,1.553658537,,,,
1992,8,89,-2.646341463,,,,
1993,8,93.6,1.953658537,,,,
1994,8,91.4,-0.246341463,,,,
1995,8,94.6,2.953658537,,,,
1996,8,91.1,-0.546341463,,,,
1997,8,93.5,1.853658537,,,,
1998,8,95.2,3.553658537,,,,
1999,8,95.2,3.553658537,,,,
2000,8,95.4,3.753658537,,,,
2001,8,91.8,0.153658537,,,,
2002,8,90.4,-1.246341463,,,,
2003,8,,-91.64634146,,,,
2004,8,92.8,1.153658537,,,,
2005,8,94.7,3.053658537,,,,
2006,8,94.6,2.953658537,,,,
2007,8,95.8,4.153658537,,,,
2008,8,90.9,-0.746341463,,,,
2009,8,92.6,0.953658537,,,,
2010,8,93.8,2.153658537,,,,
2011,8,97.4,5.753658537,,,,
2012,8,91.5,-0.146341463,,,,
2013,8,90.9,-0.746341463,,,,
2014,8,94.1,2.453658537,,,,
2015,8,95.1,3.453658537,,,,
2016,8,92.9,1.253658537,,,,
2018,8,91.1,-0.546341463,,,,
2019,8,92.6,0.953658537,,,,
2020,8,92.4,0.753658537,,,,
2021,8,92.8,1.153658537,,,,
2022,8,89.1,-2.546341463,,,,
2023,8,97.9,6.253658537,,,,
2024,8,94.9,3.253658537,,,,
1893,9,88,-0.232520325,,,,
1894,9,87.7,-0.532520325,,,,
1895,9,88.9,0.667479675,,,,
1896,9,87.1,-1.132520325,,,,
1897,9,86.6,-1.632520325,,,,
1898,9,85.4,-2.832520325,,,,
1899,9,85.2,-3.032520325,,,,
1900,9,88.8,0.567479675,,,,
1901,9,85.4,-2.832520325,,,,
1902,9,86.4,-1.832520325,,,,
1903,9,86.3,-1.932520325,,,,
1904,9,89.4,1.167479675,,,,
1905,9,88,-0.232520325,,,,
1906,9,87.2,-1.032520325,,,,
1907,9,86.2,-2.032520325,,,,
1908,9,84.1,-4.132520325,,,,
1909,9,86.1,-2.132520325,,,,
1910,9,91.8,3.567479675,,,,
1911,9,93.1,4.867479675,,,,
1912,9,91.1,2.867479675,,,,
1913,9,88,-0.232520325,,,,
1914,9,88.8,0.567479675,,,,
1915,9,90.3,2.067479675,,,,
1916,9,88.2,-0.032520325,,,,
1917,9,86.3,-1.932520325,,,,
1918,9,85.8,-2.432520325,,,,
1919,9,88.2,-0.032520325,,,,
1920,9,89.6,1.367479675,,,,
1921,9,93,4.767479675,,,,
1922,9,89.6,1.367479675,,,,
1923,9,90.6,2.367479675,,,,
1924,9,88.4,0.167479675,,,,
1925,9,92.2,3.967479675,,,,
1927,9,91.3,3.067479675,,,,
1928,9,87.5,-0.732520325,,,,
1929,9,88,-0.232520325,,,,
1930,9,87.8,-0.432520325,,,,
1931,9,91.8,3.567479675,,,,
1932,9,87.8,-0.432520325,,,,
1933,9,92.8,4.567479675,,,,
1934,9,89.1,0.867479675,,,,
1935,9,88.3,0.067479675,,,,
1936,9,92.2,3.967479675,,,,
1937,9,88.7,0.467479675,,,,
1938,9,88.8,0.567479675,,,,
1939,9,90.4,2.167479675,,,,
1940,9,88.9,0.667479675,,,,
1941,9,90.8,2.567479675,,,,
1942,9,87.5,-0.732520325,,,,
1943,9,83.1,-5.132520325,,,,
1945,9,90.7,2.467479675,,,,
1946,9,85.3,-2.932520325,,,,
1948,9,83.9,-4.332520325,,,,
1949,9,87.1,-1.132520325,,,,
1950,9,88,-0.232520325,,,,
1951,9,89,0.767479675,,,,
1952,9,86.7,-1.532520325,,,,
1953,9,88.6,0.367479675,,,,
1954,9,91.1,2.867479675,,,,
1955,9,89.8,1.567479675,,,,
1956,9,86.6,-1.632520325,,,,
1957,9,84.1,-4.132520325,,,,
1958,9,88.7,0.467479675,,,,
1959,9,88.7,0.467479675,,,,
1960,9,87.4,-0.832520325,,,,
1961,9,86.3,-1.932520325,,,,
1962,9,88.4,0.167479675,,,,
1963,9,86.6,-1.632520325,,,,
1964,9,89.1,0.867479675,,,,
1965,9,84.8,-3.432520325,,,,
1966,9,86.2,-2.032520325,,,,
1967,9,83.4,-4.832520325,,,,
1968,9,85.8,-2.432520325,,,,
1969,9,86.5,-1.732520325,,,,
1970,9,87.8,-0.432520325,,,,
1971,9,85.5,-2.732520325,,,,
1972,9,89.2,0.967479675,,,,
1973,9,86.2,-2.032520325,,,,
1974,9,85.4,-2.832520325,,,,
1975,9,85,-3.232520325,,,,
1976,9,86,-2.232520325,,,,
1977,9,89.2,0.967479675,,,,
1978,9,90.3,2.067479675,,,,
1979,9,85.5,-2.732520325,,,,
1980,9,92.4,4.167479675,,,,
1981,9,88.8,0.567479675,,,,
1982,9,86.8,-1.432520325,,,,
1983,9,83.8,-4.432520325,,,,
1984,9,84.3,-3.932520325,,,,
1985,9,83.5,-4.732520325,,,,
1986,9,91.5,3.267479675,,,,
1987,9,89.2,0.967479675,,,,
1988,9,88.4,0.167479675,,,,
1989,9,86.4,-1.832520325,,,,
1990,9,90.7,2.467479675,,,,
1991,9,87.8,-0.432520325,,,,
1992,9,86.2,-2.032520325,,,,
1993,9,89.8,1.567479675,,,,
1994,9,89.1,0.867479675,,,,
1995,9,91.1,2.867479675,,,,
1996,9,89,0.767479675,,,,
1997,9,90.1,1.867479675,,,,
1998,9,88.5,0.267479675,,,,
1999,9,88.2,-0.032520325,,,,
2000,9,89.3,1.067479675,,,,
2001,9,,-88.23252033,,,,
2002,9,87.8,-0.432520325,,,,
2003,9,87.3,-0.932520325,,,,
2004,9,90.1,1.867479675,,,,
2005,9,,-88.23252033,,,,
2006,9,89.1,0.867479675,,,,
2007,9,89.4,1.167479675,,,,
2008,9,,-88.23252033,,,,
2009,9,89.2,0.967479675,,,,
2010,9,,-88.23252033,,,,
2011,9,88.4,0.167479675,,,,
2012,9,89.2,0.967479675,,,,
2013,9,90,1.767479675,,,,
2014,9,90.2,1.967479675,,,,
2016,9,92.9,4.667479675,,,,
2018,9,90.2,1.967479675,,,,
2019,9,93.6,5.367479675,,,,
2020,9,86.5,-1.732520325,,,,
2021,9,86,-2.232520325,,,,
2022,9,88.9,0.667479675,,,,
2023,9,91.7,3.467479675,,,,
2024,9,87.7,-0.532520325,,,,
1893,10,75.5,,,,,
1894,10,79.9,,,,,
1895,10,77.1,,,,,
1896,10,78.5,,,,,
1897,10,80.7,,,,,
1898,10,,,,,,
1899,10,79.1,,,,,
1900,10,79.1,,,,,
1901,10,77.4,,,,,
1902,10,78.1,,,,,
1903,10,79.4,,,,,
1904,10,80.5,,,,,
1905,10,77.1,,,,,
1906,10,74.9,,,,,
1907,10,79.6,,,,,
1908,10,76.2,,,,,
1909,10,82.1,,,,,
1910,10,83,,,,,
1911,10,84.2,,,,,
1912,10,83.1,,,,,
1913,10,79.3,,,,,
1914,10,80.3,,,,,
1915,10,80.6,,,,,
1916,10,80.7,,,,,
1917,10,78.8,,,,,
1918,10,82.8,,,,,
1919,10,88.3,,,,,
1920,10,79.3,,,,,
1921,10,82,,,,,
1922,10,80,,,,,
1923,10,79.4,,,,,
1924,10,81.3,,,,,
1925,10,81.9,,,,,
1927,10,85.5,,,,,
1928,10,85.1,,,,,
1929,10,80,,,,,
1930,10,80.9,,,,,
1931,10,83.3,,,,,
1932,10,80.6,,,,,
1933,10,82.9,,,,,
1934,10,84,,,,,
1935,10,85.8,,,,,
1936,10,83,,,,,
1937,10,80.3,,,,,
1938,10,82.4,,,,,
1939,10,82.9,,,,,
1940,10,85.1,,,,,
1941,10,89.1,,,,,
1942,10,84,,,,,
1943,10,77.1,,,,,
1945,10,81.1,,,,,
1946,10,,,,,,
1947,10,85.3,,,,,
1948,10,79.9,,,,,
1949,10,82.7,,,,,
1950,10,81.9,,,,,
1951,10,85,,,,,
1952,10,79.4,,,,,
1953,10,82.5,,,,,
1954,10,82.1,,,,,
1955,10,81,,,,,
1956,10,81.7,,,,,
1957,10,75.6,,,,,
1958,10,78.7,,,,,
1959,10,81.6,,,,,
1960,10,82.2,,,,,
1961,10,80.7,,,,,
1962,10,82.6,,,,,
1963,10,84.6,,,,,
1964,10,77.1,,,,,
1965,10,79,,,,,
1966,10,77.4,,,,,
1967,10,77.2,,,,,
1968,10,80,,,,,
1969,10,78.1,,,,,
1970,10,78.1,,,,,
1971,10,82.2,,,,,
1972,10,78.6,,,,,
1973,10,82.1,,,,,
1974,10,78.8,,,,,
1975,10,80.3,,,,,
1976,10,73.2,,,,,
1977,10,79.1,,,,,
1978,10,82.2,,,,,
1979,10,82.9,,,,,
1980,10,80.6,,,,,
1981,10,81.1,,,,,
1982,10,81.5,,,,,
1983,10,79,,,,,
1984,10,82.7,,,,,
1985,10,80.8,,,,,
1986,10,80.8,,,,,
1987,10,78.7,,,,,
1988,10,80.2,,,,,
1989,10,80,,,,,
1990,10,81,,,,,
1991,10,82.3,,,,,
1992,10,80.7,,,,,
1993,10,80.8,,,,,
1994,10,79.9,,,,,
1995,10,80.4,,,,,
1996,10,,,,,,
1997,10,80,,,,,
1998,10,84.2,,,,,
1999,10,80.7,,,,,
2000,10,81.9,,,,,
2001,10,,,,,,
2002,10,81,,,,,
2003,10,,,,,,
2004,10,86.4,,,,,
2005,10,,,,,,
2006,10,81.2,,,,,
2007,10,80.1,,,,,
2008,10,79.8,,,,,
2009,10,80.7,,,,,
2010,10,83.6,,,,,
2011,10,80.2,,,,,
2012,10,,,,,,
2013,10,81.9,,,,,
2014,10,83.7,,,,,
2015,10,82.7,,,,,
2016,10,86.9,,,,,
2018,10,83.3,,,,,
2019,10,82.8,,,,,
2020,10,82.2,,,,,
2021,10,81.9,,,,,
2022,10,80,,,,,
2023,10,81.2,,,,,
2024,10,83.8,,,,,
1893,11,68.6,,,,,
1894,11,68.7,,,,,
1895,11,68.5,,,,,
1896,11,72.8,,,,,
1897,11,71,,,,,
1898,11,64.7,,,,,
1899,11,69.9,,,,,
1900,11,70.8,,,,,
1901,11,,,,,,
1902,11,76.9,,,,,
1903,11,69.7,,,,,
1904,11,69.1,,,,,
1905,11,72,,,,,
1906,11,74.1,,,,,
1907,11,67.1,,,,,
1908,11,72.2,,,,,
1909,11,80.3,,,,,
1910,11,74.1,,,,,
1911,11,71.4,,,,,
1912,11,70.8,,,,,
1913,11,77,,,,,
1914,11,71,,,,,
1915,11,77.6,,,,,
1916,11,73.1,,,,,
1917,11,70.4,,,,,
1918,11,71.4,,,,,
1919,11,74.1,,,,,
1920,11,66.8,,,,,
1921,11,76.8,,,,,
1922,11,75.3,,,,,
1923,11,,,,,,
1924,11,75.4,,,,,
1925,11,69.6,,,,,
1927,11,79.1,,,,,
1928,11,72.7,,,,,
1929,11,68.2,,,,,
1930,11,70.7,,,,,
1931,11,78.6,,,,,
1932,11,67,,,,,
1933,11,74.2,,,,,
1934,11,76.1,,,,,
1935,11,72,,,,,
1936,11,72.1,,,,,
1937,11,67.2,,,,,
1938,11,73.9,,,,,
1939,11,70,,,,,
1940,11,72.9,,,,,
1941,11,72.5,,,,,
1942,11,,,,,,
1943,11,67.7,,,,,
1945,11,,,,,,
1946,11,73.7,,,,,
1947,11,68.6,,,,,
1948,11,73,,,,,
1949,11,74.3,,,,,
1950,11,72.4,,,,,
1951,11,71.3,,,,,
1952,11,71.6,,,,,
1953,11,70.7,,,,,
1954,11,70.1,,,,,
1955,11,69.5,,,,,
1956,11,71.6,,,,,
1957,11,71.1,,,,,
1958,11,74.3,,,,,
1959,11,68.4,,,,,
1960,11,74.3,,,,,
1961,11,71.6,,,,,
1962,11,68.5,,,,,
1963,11,72.2,,,,,
1964,11,73,,,,,
1965,11,76.7,,,,,
1966,11,72.7,,,,,
1967,11,69.4,,,,,
1968,11,67.1,,,,,
1969,11,68.3,,,,,
1970,11,67.2,,,,,
1971,11,70.2,,,,,
1972,11,62.5,,,,,
1973,11,75.9,,,,,
1974,11,69.7,,,,,
1975,11,70.9,,,,,
1976,11,61.7,,,,,
1977,11,73.2,,,,,
1978,11,77.7,,,,,
1979,11,69,,,,,
1980,11,72.3,,,,,
1981,11,76.5,,,,,
1982,11,73.7,,,,,
1983,11,71.5,,,,,
1984,11,70.1,,,,,
1985,11,,,,,,
1986,11,74.6,,,,,
1987,11,72.9,,,,,
1988,11,76.2,,,,,
1989,11,72.8,,,,,
1990,11,75.2,,,,,
1991,11,68,,,,,
1992,11,67.5,,,,,
1993,11,70.5,,,,,
1994,11,75.1,,,,,
1995,11,70.3,,,,,
1996,11,73.3,,,,,
1997,11,67.3,,,,,
1998,11,74.9,,,,,
1999,11,74,,,,,
2000,11,69.7,,,,,
2001,11,,,,,,
2002,11,68.9,,,,,
2003,11,74.9,,,,,
2004,11,74.9,,,,,
2005,11,74.3,,,,,
2006,11,,,,,,
2007,11,71.9,,,,,
2008,11,70.6,,,,,
2009,11,69.5,,,,,
2010,11,,,,,,
2011,11,73.1,,,,,
2012,11,70.2,,,,,
2013,11,69.8,,,,,
2014,11,69.4,,,,,
2015,11,75,,,,,
2016,11,,,,,,
2018,11,68.1,,,,,
2019,11,68.7,,,,,
2020,11,75.2,,,,,
2021,11,69.8,,,,,
2022,11,70.7,,,,,
2023,11,69.2,,,,,
2024,11,77,,,,,
1893,12,65.2,,,,,
1894,12,66.2,,,,,
1895,12,62.3,,,,,
1896,12,,,,,,
1897,12,64.5,,,,,
1898,12,58.1,,,,,
1899,12,62.4,,,,,
1900,12,61.8,,,,,
1901,12,,,,,,
1902,12,64.6,,,,,
1903,12,61.2,,,,,
1904,12,65.9,,,,,
1905,12,60,,,,,
1906,12,67.4,,,,,
1907,12,63,,,,,
1908,12,69,,,,,
1909,12,62.5,,,,,
1910,12,64.9,,,,,
1911,12,68.1,,,,,
1912,12,65.4,,,,,
1913,12,64.2,,,,,
1914,12,59.2,,,,,
1915,12,66.9,,,,,
1916,12,69.4,,,,,
1917,12,62.2,,,,,
1918,12,65.3,,,,,
1919,12,66.8,,,,,
1920,12,62.2,,,,,
1921,12,71.7,,,,,
1922,12,72.8,,,,,
1924,12,66.8,,,,,
1927,12,63.5,,,,,
1928,12,65.5,,,,,
1929,12,63.6,,,,,
1930,12,60.2,,,,,
1931,12,71.7,,,,,
1932,12,67,,,,,
1933,12,74.4,,,,,
1934,12,66.2,,,,,
1935,12,61.1,,,,,
1936,12,67.2,,,,,
1937,12,64.5,,,,,
1938,12,66.5,,,,,
1939,12,71,,,,,
1940,12,67.8,,,,,
1941,12,69.3,,,,,
1942,12,,,,,,
1943,12,62.3,,,,,
1945,12,64.7,,,,,
1946,12,70.1,,,,,
1947,12,63.8,,,,,
1948,12,71.5,,,,,
1949,12,,,,,,
1950,12,61.2,,,,,
1951,12,71.8,,,,,
1952,12,66.9,,,,,
1953,12,63.5,,,,,
1954,12,67.6,,,,,
1955,12,65.4,,,,,
1956,12,70.9,,,,,
1957,12,66.6,,,,,
1958,12,62.2,,,,,
1959,12,63.3,,,,,
1960,12,63.3,,,,,
1961,12,68.3,,,,,
1962,12,62.5,,,,,
1963,12,56.8,,,,,
1964,12,66.5,,,,,
1965,12,65.3,,,,,
1966,12,60.8,,,,,
1967,12,64.8,,,,,
1968,12,63.4,,,,,
1969,12,63.9,,,,,
1970,12,68.1,,,,,
1971,12,70.7,,,,,
1972,12,64.4,,,,,
1973,12,64.6,,,,,
1974,12,64.9,,,,,
1975,12,61.3,,,,,
1976,12,60.3,,,,,
1977,12,66.5,,,,,
1978,12,67.2,,,,,
1979,12,64,,,,,
1980,12,67.6,,,,,
1981,12,65.6,,,,,
1982,12,69.1,,,,,
1983,12,61.6,,,,,
1984,12,71.7,,,,,
1985,12,61.8,,,,,
1986,12,61.7,,,,,
1987,12,68.5,,,,,
1988,12,67.5,,,,,
1989,12,58.3,,,,,
1990,12,69.1,,,,,
1991,12,67.5,,,,,
1992,12,67.3,,,,,
1993,12,63,,,,,
1994,12,66.2,,,,,
1995,12,64,,,,,
1996,12,67.8,,,,,
1997,12,62.7,,,,,
1998,12,68.3,,,,,
1999,12,65.5,,,,,
2000,12,59.8,,,,,
2001,12,66.3,,,,,
2002,12,63.8,,,,,
2003,12,62.7,,,,,
2004,12,62.4,,,,,
2005,12,63.7,,,,,
2006,12,63.3,,,,,
2008,12,67.3,,,,,
2009,12,60.3,,,,,
2010,12,61.1,,,,,
2012,12,69.4,,,,,
2014,12,67.7,,,,,
2015,12,72.6,,,,,
2018,12,64.9,,,,,
2019,12,65.9,,,,,
2020,12,65.2,,,,,
2021,12,72.2,,,,,
2022,12,66.9,,,,,
2023,12,64.8,,,,,
2024,12,67,,,,,
